species,tag,locus,2015,2017,2018,2019,cmh_p,majorAllele,minorAllele,majorCount_2015,majorCount_2017,majorCount_2018,majorCount_2019,minorCount_2015,minorCount_2017,minorCount_2018,minorCount_2019,MAF_2015,MAF_2017,MAF_2018,MAF_2019,good
paus,Paus_tag1239108,32,0:13:100:1:0:0,0:0:92:0:0:0,0:0:61:0:0:0,0:0:97:0:0:0,0.002169111,C,T,100,92,61,97,13,0,0,0,0.115044248,0,0,0,no
ppun,Ppun_tag1096810,10,69:0:0:9:0:0,148:0:0:4:0:0,108:0:0:8:0:0,83:0:0:1:0:0,0.001837992,A,G,69,148,108,83,9,4,8,1,0.115384615,0.026315789,0.068965517,0.011904762,yes
ppun,Ppun_tag4840,2,15:0:79:3:0:0,2:0:106:0:0:0,5:0:83:0:0:0,3:1:62:0:0:0,0.003589271,C,A,79,106,83,62,15,2,5,3,0.159574468,0.018518519,0.056818182,0.046153846,yes
ppun,Ppun_tag5619,1,0:0:0:140:0:0,1:0:0:116:0:0,16:0:0:145:0:0,0:0:0:108:0:0,0.006301508,G,A,140,116,145,108,0,1,16,0,0,0.008547009,0.099378882,0,no
ppun,Ppun_tag7345,28,0:0:0:104:0:0,12:1:0:107:0:0,1:0:0:107:0:0,1:0:0:135:0:0,0.006333444,G,A,104,107,107,135,0,12,1,1,0,0.100840336,0.009259259,0.007352941,no
ppun,Ppun_tag53048,29,14:0:1:180:0:0,2:0:0:136:0:0,4:0:0:170:0:0,0:0:0:114:0:0,0.007880656,G,A,180,136,170,114,14,2,4,0,0.072164948,0.014492754,0.022988506,0,no
ppun,Ppun_tag15389,3,2:1:179:1:0:0,1:2:87:1:0:0,0:0:80:0:0:0,0:10:114:0:0:0,0.009758687,C,T,179,87,80,114,1,2,0,10,0.005555556,0.02247191,0,0.080645161,yes
ppun,Ppun_tag9994,26,0:0:142:7:0:0,0:0:125:0:0:0,1:0:133:6:0:0,0:0:103:1:0:0,0.01063163,C,G,142,125,133,103,7,0,6,1,0.046979866,0,0.043165468,0.009615385,yes
ppun,Ppun_tag9233,32,8:0:114:2:0:0,5:0:59:5:0:0,3:0:69:3:0:0,2:0:66:10:0:0,0.01220851,C,G,114,59,69,66,2,5,3,10,0.017241379,0.078125,0.041666667,0.131578947,yes
ppun,Ppun_tag10648,18,0:170:22:0:0:0,0:121:41:0:0:0,0:128:35:0:0:0,0:70:19:0:0:0,0.01474803,T,C,170,121,128,70,22,41,35,19,0.114583333,0.25308642,0.214723926,0.213483146,no
ppun,Ppun_tag7340,4,167:0:0:23:0:0,128:0:0:7:0:0,105:0:0:16:0:0,154:0:0:13:0:0,0.0149491,A,G,167,128,105,154,23,7,16,13,0.121052632,0.051851852,0.132231405,0.077844311,yes
ppun,Ppun_tag25387,34,0:129:7:0:0:0,0:94:13:0:0:0,0:96:12:0:0:0,0:99:23:0:0:0,0.018782,T,C,129,94,96,99,7,13,12,23,0.051470588,0.121495327,0.111111111,0.18852459,yes
ppun,Ppun_tag4736,25,4:40:138:1:0:0,1:12:80:1:0:0,0:15:103:0:0:0,0:6:89:0:0:0,0.02255437,C,T,138,80,103,89,40,12,15,6,0.224719101,0.130434783,0.127118644,0.063157895,yes
ppun,Ppun_tag19178,20,17:0:0:112:0:0,37:0:0:60:0:0,31:0:0:47:0:0,18:0:0:44:0:0,0.02342725,G,A,112,60,47,44,17,37,31,18,0.131782946,0.381443299,0.397435897,0.290322581,no
ppun,Ppun_tag37009,29,0:144:24:0:0:0,0:110:19:0:0:0,0:156:41:0:0:0,0:125:10:0:0:0,0.02479746,T,C,144,110,156,125,24,19,41,10,0.142857143,0.147286822,0.208121827,0.074074074,no
ppun,Ppun_tag2598,20,125:0:0:14:0:0,126:0:0:36:0:0,80:0:0:11:0:0,97:0:0:13:0:0,0.03262409,A,G,125,126,80,97,14,36,11,13,0.100719424,0.222222222,0.120879121,0.118181818,no
ppun,Ppun_tag14840,3,15:0:0:145:0:0,9:0:0:95:0:0,13:1:0:88:0:0,1:0:0:108:0:0,0.03292077,G,A,145,95,88,108,15,9,13,1,0.09375,0.086538462,0.128712871,0.009174312,yes
ppun,Ppun_tag17746,5,4:0:0:76:0:0,2:0:0:59:0:0,7:0:0:56:0:0,0:0:0:64:0:0,0.03917749,G,A,76,59,56,64,4,2,7,0,0.05,0.032786885,0.111111111,0,yes
psub,Psub_tag10066,5,38:0:0:140:0:0,3:0:0:49:0:0,18:0:0:73:0:0,7:0:1:45:0:0,0.0164011,G,A,140,49,73,45,38,3,18,7,0.213483146,0.057692308,0.197802198,0.134615385,yes
psub,Psub_tag11519,2,0:38:86:0:0:0,0:30:86:0:0:0,0:23:59:0:0:0,0:4:49:0:0:0,0.03163612,C,T,86,86,59,49,38,30,23,4,0.306451613,0.25862069,0.280487805,0.075471698,yes
psub,Psub_tag9255,30,20:1:0:173:0:0,1:0:0:91:0:0,18:0:0:107:0:0,8:0:0:58:0:0,0.04078287,G,A,173,91,107,58,20,1,18,8,0.103626943,0.010869565,0.144,0.121212121,yes
psub,Psub_tag8145,5,191:0:0:9:0:0,126:0:0:1:0:0,94:0:0:6:0:0,57:0:0:1:0:0,0.04458063,A,G,191,126,94,57,9,1,6,1,0.045,0.007874016,0.06,0.017241379,yes
ppun,Ppun_tag6921_3_38_F,4,0:12:0:159:0:0,0:16:0:79:0:0,1:19:0:116:0:0,4:19:0:93:0:0,0.05015912,NA,NA,NA,NA,NA,NA,NA,NA,NA,NA,NA,NA,NA,NA,no
ppun,Ppun_tag26927_3_38_F,4,98:1:0:3:0:0,85:0:0:25:0:0,86:0:0:21:0:0,90:0:0:15:0:0,0.05508929,NA,NA,NA,NA,NA,NA,NA,NA,NA,NA,NA,NA,NA,NA,no
ppun,Ppun_tag3973_3_38_F,5,179:0:0:11:0:0,137:0:0:3:0:0,139:0:0:5:0:0,116:0:0:1:0:0,0.0578877,NA,NA,NA,NA,NA,NA,NA,NA,NA,NA,NA,NA,NA,NA,no
ppun,Ppun_tag10091_3_38_F,5,0:34:0:73:0:0,0:42:0:52:0:0,0:48:0:48:0:0,0:63:0:49:0:0,0.06476463,NA,NA,NA,NA,NA,NA,NA,NA,NA,NA,NA,NA,NA,NA,no
paus,Paus_tag963221_3_38_F,27,173:19:0:0:0:0,115:19:0:0:0:0,74:8:0:0:0:0,74:17:0:0:0:0,0.06715195,NA,NA,NA,NA,NA,NA,NA,NA,NA,NA,NA,NA,NA,NA,no
ppun,Ppun_tag10634_3_38_F,7,0:60:74:0:0:0,0:68:61:0:0:0,0:73:75:0:0:0,0:64:47:0:0:0,0.07863399,NA,NA,NA,NA,NA,NA,NA,NA,NA,NA,NA,NA,NA,NA,no
psub,Psub_tag9154_3_38_F,4,11:0:147:1:0:0,1:0:98:0:0:0,9:0:112:0:0:0,3:0:52:0:0:0,0.08748676,NA,NA,NA,NA,NA,NA,NA,NA,NA,NA,NA,NA,NA,NA,no
psub,Psub_tag8723_1_36_R,30,3:2:2:162:0:0,0:0:0:95:0:0,8:0:0:95:0:0,1:0:0:53:0:0,0.09613181,NA,NA,NA,NA,NA,NA,NA,NA,NA,NA,NA,NA,NA,NA,no
ppun,Ppun_tag10507_1_36_R,33,1:12:150:0:0:0,1:3:93:0:0:0,0:4:77:0:0:0,0:2:108:1:0:0,0.1042786,NA,NA,NA,NA,NA,NA,NA,NA,NA,NA,NA,NA,NA,NA,no
ppun,Ppun_tag8317_1_36_R,28,1:43:100:0:0:0,0:30:93:0:0:0,0:34:106:0:0:0,0:21:100:0:0:0,0.1138822,NA,NA,NA,NA,NA,NA,NA,NA,NA,NA,NA,NA,NA,NA,no
ppun,Ppun_tag8073_1_36_R,5,0:0:25:67:0:0,0:0:29:34:0:0,0:0:35:81:0:0,0:0:25:58:0:0,0.1321095,NA,NA,NA,NA,NA,NA,NA,NA,NA,NA,NA,NA,NA,NA,no
ppun,Ppun_tag16100_1_36_R,26,0:1:149:2:0:0,0:0:125:11:0:0,0:0:93:15:0:0,0:0:57:9:0:0,0.134304,NA,NA,NA,NA,NA,NA,NA,NA,NA,NA,NA,NA,NA,NA,no
ppun,Ppun_tag8559_3_38_F,2,2:0:0:64:0:0,9:0:0:45:0:0,3:0:0:112:0:0,0:0:0:51:0:0,0.1370364,NA,NA,NA,NA,NA,NA,NA,NA,NA,NA,NA,NA,NA,NA,no
ppun,Ppun_tag25590_1_36_R,5,0:0:74:0:0:0,0:4:73:0:0:0,0:17:120:0:0:0,0:2:93:0:0:0,0.1460435,NA,NA,NA,NA,NA,NA,NA,NA,NA,NA,NA,NA,NA,NA,no
ppun,Ppun_tag30549_3_38_F,7,169:0:0:10:0:0,107:0:0:3:0:0,98:0:0:2:0:0,110:0:0:0:0:0,0.1780224,NA,NA,NA,NA,NA,NA,NA,NA,NA,NA,NA,NA,NA,NA,no
ppun,Ppun_tag22443_3_38_F,5,0:34:0:68:0:0,0:46:0:49:0:0,0:50:0:56:0:0,0:64:0:72:0:0,0.1856669,NA,NA,NA,NA,NA,NA,NA,NA,NA,NA,NA,NA,NA,NA,no
ppun,Ppun_tag9737_1_36_R,11,0:1:176:0:0:0,0:9:118:0:0:0,0:7:152:1:0:0,0:3:128:0:0:0,0.1985233,NA,NA,NA,NA,NA,NA,NA,NA,NA,NA,NA,NA,NA,NA,no
ppun,Ppun_tag2032_1_36_R,19,25:0:0:152:0:0,8:0:0:76:0:0,6:0:0:87:0:0,25:0:0:92:0:0,0.1989364,NA,NA,NA,NA,NA,NA,NA,NA,NA,NA,NA,NA,NA,NA,no
ppun,Ppun_tag15924_3_38_F,4,0:163:0:7:0:0,0:98:0:7:0:0,0:100:0:2:0:0,0:113:0:6:0:0,0.2062267,NA,NA,NA,NA,NA,NA,NA,NA,NA,NA,NA,NA,NA,NA,no
ppun,Ppun_tag16808_1_36_R,33,73:1:0:0:0:0,68:9:0:0:0:0,69:5:0:0:0:0,64:3:0:0:0:0,0.2070742,NA,NA,NA,NA,NA,NA,NA,NA,NA,NA,NA,NA,NA,NA,no
ppun,Ppun_tag17418_3_38_F,25,0:0:39:53:0:0,0:0:27:30:0:0,0:0:30:51:0:0,0:0:33:36:0:0,0.2125074,NA,NA,NA,NA,NA,NA,NA,NA,NA,NA,NA,NA,NA,NA,no
ppun,Ppun_tag9658_1_36_R,10,0:133:63:0:0:0,0:87:35:0:0:0,0:125:60:0:0:0,0:107:38:0:0:0,0.2134691,NA,NA,NA,NA,NA,NA,NA,NA,NA,NA,NA,NA,NA,NA,no
ppun,Ppun_tag9102_3_38_F,11,38:0:0:15:0:0,41:0:0:9:0:0,47:0:0:8:0:0,46:0:0:5:0:0,0.2142555,NA,NA,NA,NA,NA,NA,NA,NA,NA,NA,NA,NA,NA,NA,no
ppun,Ppun_tag6135_3_38_F,11,50:0:0:114:0:0,41:0:0:75:0:0,47:0:0:104:0:0,46:0:0:79:0:0,0.2248378,NA,NA,NA,NA,NA,NA,NA,NA,NA,NA,NA,NA,NA,NA,no
ppun,Ppun_tag11360_1_36_R,35,0:7:100:0:0:0,0:9:58:0:0:0,0:4:64:0:0:0,0:7:87:0:0:0,0.2264063,NA,NA,NA,NA,NA,NA,NA,NA,NA,NA,NA,NA,NA,NA,no
ppun,Ppun_tag24377_1_36_R,11,0:1:24:171:0:0,0:1:20:96:0:0,0:0:2:97:0:0,0:0:4:117:0:0,0.2381473,NA,NA,NA,NA,NA,NA,NA,NA,NA,NA,NA,NA,NA,NA,no
ppun,Ppun_tag18493_1_36_R,11,0:29:126:1:0:0,0:14:103:0:0:0,0:11:101:0:0:0,0:9:88:0:0:0,0.2429378,NA,NA,NA,NA,NA,NA,NA,NA,NA,NA,NA,NA,NA,NA,no
ppun,Ppun_tag69356_3_38_F,2,2:0:170:3:0:0,0:0:108:7:0:0,0:0:119:4:0:0,0:0:126:4:0:0,0.2459942,NA,NA,NA,NA,NA,NA,NA,NA,NA,NA,NA,NA,NA,NA,no
ppun,Ppun_tag7889_3_38_F,31,0:0:105:4:0:0,0:0:91:9:0:0,0:0:166:13:0:0,0:0:161:0:0:0,0.2474324,NA,NA,NA,NA,NA,NA,NA,NA,NA,NA,NA,NA,NA,NA,no
ppun,Ppun_tag23297_3_38_F,10,2:12:138:0:0:0,0:11:114:0:0:0,0:2:107:0:0:0,0:7:77:0:0:0,0.2490087,NA,NA,NA,NA,NA,NA,NA,NA,NA,NA,NA,NA,NA,NA,no
psub,Psub_tag8431_3_38_F,32,0:1:123:1:0:0,1:4:96:0:0:0,0:6:99:0:0:0,0:6:71:0:0:0,0.2711735,NA,NA,NA,NA,NA,NA,NA,NA,NA,NA,NA,NA,NA,NA,no
ppun,Ppun_tag5781_1_36_R,5,0:1:140:0:0:0,1:4:117:0:0:0,0:25:118:1:0:0,1:24:89:1:0:0,0.2835215,NA,NA,NA,NA,NA,NA,NA,NA,NA,NA,NA,NA,NA,NA,no
ppun,Ppun_tag15835_1_36_R,2,4:2:0:117:0:0,5:1:1:91:0:0,4:0:0:101:0:0,8:0:0:106:0:0,0.3087407,NA,NA,NA,NA,NA,NA,NA,NA,NA,NA,NA,NA,NA,NA,no
ppun,Ppun_tag11377_1_36_R,11,144:3:0:1:0:0,89:4:0:1:0:0,79:1:0:1:0:0,129:4:0:0:0:0,0.3170057,NA,NA,NA,NA,NA,NA,NA,NA,NA,NA,NA,NA,NA,NA,no
ppun,Ppun_tag8942_3_38_F,26,0:146:45:0:0:0,0:80:26:0:0:0,0:118:41:0:0:0,0:106:22:0:0:0,0.3198173,NA,NA,NA,NA,NA,NA,NA,NA,NA,NA,NA,NA,NA,NA,no
ppun,Ppun_tag13588_1_36_R,18,129:1:0:6:0:0,70:0:0:4:0:0,62:0:0:2:0:0,101:0:0:9:0:0,0.3496957,NA,NA,NA,NA,NA,NA,NA,NA,NA,NA,NA,NA,NA,NA,no
ppun,Ppun_tag16384_1_36_R,34,0:3:95:7:0:0,0:4:67:5:0:0,0:20:75:12:0:0,1:20:56:3:0:0,0.3605798,NA,NA,NA,NA,NA,NA,NA,NA,NA,NA,NA,NA,NA,NA,no
ppun,Ppun_tag18268_1_36_R,32,51:0:48:0:0:0,28:0:47:0:0:0,29:0:81:0:0:0,24:1:57:0:0:0,0.3682236,NA,NA,NA,NA,NA,NA,NA,NA,NA,NA,NA,NA,NA,NA,no
ppun,Ppun_tag8345_1_36_R,3,0:119:21:0:0:0,0:92:11:0:0:0,0:65:4:0:0:0,0:101:5:0:0:0,0.3982181,NA,NA,NA,NA,NA,NA,NA,NA,NA,NA,NA,NA,NA,NA,no
psub,Psub_tag6852_3_38_F,26,10:94:0:0:0:0,4:86:0:0:0:0,0:98:0:0:0:0,1:97:0:0:0:0,0.4240918,NA,NA,NA,NA,NA,NA,NA,NA,NA,NA,NA,NA,NA,NA,no
ppun,Ppun_tag46857_3_38_F,3,8:1:1:148:0:0,1:1:0:92:0:0,7:0:0:111:0:0,5:0:0:75:0:0,0.4334884,NA,NA,NA,NA,NA,NA,NA,NA,NA,NA,NA,NA,NA,NA,no
ppun,Ppun_tag17772_3_38_F,7,0:77:52:0:0:0,0:53:60:0:0:0,0:63:70:0:0:0,0:39:33:0:0:0,0.4364194,NA,NA,NA,NA,NA,NA,NA,NA,NA,NA,NA,NA,NA,NA,no
ppun,Ppun_tag21019_1_36_R,8,0:21:154:0:0:0,0:9:78:0:0:0,0:1:59:0:0:0,0:12:92:0:0:0,0.4368963,NA,NA,NA,NA,NA,NA,NA,NA,NA,NA,NA,NA,NA,NA,no
ppun,Ppun_tag8478_3_38_F,10,99:0:0:12:0:0,64:0:0:7:0:0,61:0:0:14:0:0,80:0:0:12:0:0,0.4690993,NA,NA,NA,NA,NA,NA,NA,NA,NA,NA,NA,NA,NA,NA,no
ppun,Ppun_tag1287208_1_36_R,8,1:4:80:0:0:0,0:9:54:0:0:0,0:11:52:0:0:0,0:12:70:0:0:0,0.4888874,NA,NA,NA,NA,NA,NA,NA,NA,NA,NA,NA,NA,NA,NA,no
ppun,Ppun_tag10886_1_36_R,20,0:4:0:115:0:0,0:11:0:91:0:0,0:7:0:85:0:0,0:5:1:118:0:0,0.4944573,NA,NA,NA,NA,NA,NA,NA,NA,NA,NA,NA,NA,NA,NA,no
ppun,Ppun_tag20362_1_36_R,21,0:89:82:13:0:0,0:54:40:1:0:0,0:56:48:0:0:0,0:61:49:0:0:0,0.4954175,NA,NA,NA,NA,NA,NA,NA,NA,NA,NA,NA,NA,NA,NA,no
ppun,Ppun_tag10444_1_36_R,29,1:1:102:27:0:0,0:0:53:10:0:0,0:0:88:14:0:0,0:0:55:8:0:0,0.5410727,NA,NA,NA,NA,NA,NA,NA,NA,NA,NA,NA,NA,NA,NA,no
ppun,Ppun_tag34398_1_36_R,32,0:75:38:0:0:0,0:71:24:0:0:0,0:74:41:0:0:0,0:64:38:0:0:0,0.5420404,NA,NA,NA,NA,NA,NA,NA,NA,NA,NA,NA,NA,NA,NA,no
ppun,Ppun_tag14127_1_36_R,19,0:8:100:0:0:0,0:4:74:0:0:0,0:9:85:0:0:0,0:9:106:0:0:0,0.582775,NA,NA,NA,NA,NA,NA,NA,NA,NA,NA,NA,NA,NA,NA,no
ppun,Ppun_tag39559_1_36_R,27,0:87:64:0:0:0,0:56:35:0:0:0,0:44:38:0:0:0,0:39:55:0:0:0,0.6009858,NA,NA,NA,NA,NA,NA,NA,NA,NA,NA,NA,NA,NA,NA,no
ppun,Ppun_tag16273_3_38_F,5,93:0:0:10:0:0,49:0:0:5:0:0,56:0:0:5:0:0,75:1:0:12:0:0,0.6040371,NA,NA,NA,NA,NA,NA,NA,NA,NA,NA,NA,NA,NA,NA,no
ppun,Ppun_tag8704_3_38_F,17,2:0:158:4:0:0,1:0:111:3:0:0,0:0:91:6:0:0,0:0:72:2:0:0,0.6503126,NA,NA,NA,NA,NA,NA,NA,NA,NA,NA,NA,NA,NA,NA,no
ppun,Ppun_tag12043_3_38_F,29,0:33:136:0:0:0,0:11:132:0:0:0,1:13:127:0:0:0,0:25:104:0:0:0,0.6522803,NA,NA,NA,NA,NA,NA,NA,NA,NA,NA,NA,NA,NA,NA,no
ppun,Ppun_tag19592_1_36_R,9,4:1:0:167:0:0,5:0:1:118:0:0,16:0:0:109:0:0,16:0:0:100:0:0,0.6585378,NA,NA,NA,NA,NA,NA,NA,NA,NA,NA,NA,NA,NA,NA,no
ppun,Ppun_tag69747_1_36_R,29,0:83:19:0:0:0,0:51:19:0:0:0,0:50:13:0:0:0,0:74:4:0:0:0,0.6784274,NA,NA,NA,NA,NA,NA,NA,NA,NA,NA,NA,NA,NA,NA,no
ppun,Ppun_tag30123_1_36_R,5,1:176:22:0:0:0,0:102:12:0:0:0,0:121:18:0:0:0,0:103:12:0:0:0,0.6833618,NA,NA,NA,NA,NA,NA,NA,NA,NA,NA,NA,NA,NA,NA,no
ppun,Ppun_tag18928_3_38_F,26,14:0:0:148:0:0,6:0:0:100:0:0,0:1:0:117:0:0,1:0:0:103:0:0,0.6841544,NA,NA,NA,NA,NA,NA,NA,NA,NA,NA,NA,NA,NA,NA,no
psub,Psub_tag11728_3_38_F,12,7:1:0:136:0:0,4:1:0:110:0:0,3:2:1:119:0:0,2:0:0:108:0:0,0.7016705,NA,NA,NA,NA,NA,NA,NA,NA,NA,NA,NA,NA,NA,NA,no
ppun,Ppun_tag21472_1_36_R,12,0:5:2:157:0:0,1:5:1:139:0:0,0:2:0:128:0:0,1:4:1:132:0:0,0.7125887,NA,NA,NA,NA,NA,NA,NA,NA,NA,NA,NA,NA,NA,NA,no
ppun,Ppun_tag1960044_3_38_F,1,0:101:0:0:0:0,5:80:0:0:0:0,12:85:0:0:0:0,2:70:0:0:0:0,0.7200381,NA,NA,NA,NA,NA,NA,NA,NA,NA,NA,NA,NA,NA,NA,no
ppun,Ppun_tag8394_3_38_F,16,0:84:25:17:0:0,3:65:18:6:0:0,2:55:30:12:0:0,4:53:25:5:0:0,0.7356568,NA,NA,NA,NA,NA,NA,NA,NA,NA,NA,NA,NA,NA,NA,no
ppun,Ppun_tag6413_3_38_F,18,0:43:153:1:0:0,0:20:93:0:0:0,1:20:69:0:0:0,1:32:99:0:0:0,0.744656,NA,NA,NA,NA,NA,NA,NA,NA,NA,NA,NA,NA,NA,NA,no
ppun,Ppun_tag22083_1_36_R,6,142:0:0:9:0:0,78:0:0:6:0:0,73:0:0:3:0:0,92:0:0:5:0:0,0.7731839,NA,NA,NA,NA,NA,NA,NA,NA,NA,NA,NA,NA,NA,NA,no
ppun,Ppun_tag32441_1_36_R,3,0:3:142:1:0:0,0:0:91:0:0:0,0:2:71:0:0:0,0:8:120:0:0:0,0.7807651,NA,NA,NA,NA,NA,NA,NA,NA,NA,NA,NA,NA,NA,NA,no
paus,Paus_tag1132654_3_38_F,28,16:0:62:0:0:0,20:0:78:0:0:0,24:0:83:0:0:0,23:1:66:0:0:0,0.7809398,NA,NA,NA,NA,NA,NA,NA,NA,NA,NA,NA,NA,NA,NA,no
ppun,Ppun_tag26871_3_38_F,26,1:13:122:0:0:0,0:14:96:0:0:0,1:33:102:0:0:0,4:24:102:0:0:0,0.7830695,NA,NA,NA,NA,NA,NA,NA,NA,NA,NA,NA,NA,NA,NA,no
ppun,Ppun_tag37165_3_38_F,19,0:188:6:0:0:0,0:122:5:0:0:0,0:82:1:0:0:0,0:103:2:0:0:0,0.7941926,NA,NA,NA,NA,NA,NA,NA,NA,NA,NA,NA,NA,NA,NA,no
ppun,Ppun_tag27190_1_36_R,12,0:149:0:23:0:0,0:111:0:20:0:0,0:100:0:7:0:0,0:114:0:8:0:0,0.7958581,NA,NA,NA,NA,NA,NA,NA,NA,NA,NA,NA,NA,NA,NA,no
ppun,Ppun_tag5185_3_38_F,7,0:8:0:74:0:0,0:4:0:85:0:0,0:15:0:156:0:0,0:8:0:66:0:0,0.7965056,NA,NA,NA,NA,NA,NA,NA,NA,NA,NA,NA,NA,NA,NA,no
ppun,Ppun_tag8208_1_36_R,30,1:11:145:1:0:0,0:5:64:0:0:0,0:5:82:0:0:0,0:4:113:0:0:0,0.8047738,NA,NA,NA,NA,NA,NA,NA,NA,NA,NA,NA,NA,NA,NA,no
paus,Paus_tag1714085_1_36_R,20,1:143:9:0:0:0,0:89:2:0:0:0,0:120:1:0:0:0,0:95:4:0:0:0,0.84743,NA,NA,NA,NA,NA,NA,NA,NA,NA,NA,NA,NA,NA,NA,no
ppun,Ppun_tag2888_3_38_F,3,0:103:7:0:0:0,0:49:2:0:0:0,0:70:4:0:0:0,0:52:3:0:0:0,0.8573485,NA,NA,NA,NA,NA,NA,NA,NA,NA,NA,NA,NA,NA,NA,no
ppun,Ppun_tag10385_1_36_R,4,0:0:8:44:0:0,0:0:4:56:0:0,0:0:4:47:0:0,0:1:8:52:0:0,0.857866,NA,NA,NA,NA,NA,NA,NA,NA,NA,NA,NA,NA,NA,NA,no
ppun,Ppun_tag12817_3_38_F,19,21:1:0:72:0:0,16:0:0:57:0:0,7:0:0:50:0:0,10:0:0:49:0:0,0.8592449,NA,NA,NA,NA,NA,NA,NA,NA,NA,NA,NA,NA,NA,NA,no
ppun,Ppun_tag8996_1_36_R,19,7:0:102:1:0:0,6:0:67:0:0:0,10:0:74:0:0:0,12:0:95:0:0:0,0.8683349,NA,NA,NA,NA,NA,NA,NA,NA,NA,NA,NA,NA,NA,NA,no
ppun,Ppun_tag3085_3_38_F,27,47:10:0:0:0:0,64:9:0:0:0:0,97:19:0:0:0:0,60:13:0:0:0:0,0.8694512,NA,NA,NA,NA,NA,NA,NA,NA,NA,NA,NA,NA,NA,NA,no
ppun,Ppun_tag18549_3_38_F,11,4:1:0:183:0:0,8:1:0:141:0:0,7:0:0:133:0:0,0:1:1:139:0:0,0.8851959,NA,NA,NA,NA,NA,NA,NA,NA,NA,NA,NA,NA,NA,NA,no
ppun,Ppun_tag10577_1_36_R,20,0:97:85:0:0:0,0:70:50:0:0:0,1:91:63:0:0:0,0:51:42:0:0:0,0.905009,NA,NA,NA,NA,NA,NA,NA,NA,NA,NA,NA,NA,NA,NA,no
ppun,Ppun_tag11599_1_36_R,1,0:136:9:0:0:0,0:93:7:0:0:0,0:72:2:0:0:0,0:108:0:0:0:0,0.9145646,NA,NA,NA,NA,NA,NA,NA,NA,NA,NA,NA,NA,NA,NA,no
ppun,Ppun_tag5928_1_36_R,29,6:0:0:49:0:0,0:0:0:54:0:0,2:0:0:57:0:0,7:0:0:45:0:0,0.919758,NA,NA,NA,NA,NA,NA,NA,NA,NA,NA,NA,NA,NA,NA,no
ppun,Ppun_tag4277_3_38_F,8,0:84:3:0:0:0,0:72:6:0:0:0,0:51:3:0:0:0,0:57:1:0:0:0,0.9213361,NA,NA,NA,NA,NA,NA,NA,NA,NA,NA,NA,NA,NA,NA,no
ppun,Ppun_tag16502_3_38_F,6,2:8:101:0:0:0,0:4:87:1:0:0,0:1:104:0:0:0,0:2:65:0:0:0,0.9453216,NA,NA,NA,NA,NA,NA,NA,NA,NA,NA,NA,NA,NA,NA,no
ppun,Ppun_tag6797_3_38_F,17,24:0:132:0:0:0,12:0:110:0:0:0,15:0:137:0:0:0,21:0:114:1:0:0,0.9460024,NA,NA,NA,NA,NA,NA,NA,NA,NA,NA,NA,NA,NA,NA,no
paus,Paus_tag1335356_1_36_R,5,1:1:74:72:0:0,0:1:59:41:0:0,0:0:78:49:0:0,0:0:41:38:0:0,0.9538847,NA,NA,NA,NA,NA,NA,NA,NA,NA,NA,NA,NA,NA,NA,no
psub,Psub_tag11117_1_36_R,5,3:0:0:69:0:0,5:0:0:49:0:0,3:1:0:71:0:0,1:0:0:73:0:0,0.9661265,NA,NA,NA,NA,NA,NA,NA,NA,NA,NA,NA,NA,NA,NA,no
ppun,Ppun_tag12028_1_36_R,12,44:8:0:0:0:0,94:16:0:0:0:0,80:11:0:0:0:0,60:9:0:0:0:0,0.9788373,NA,NA,NA,NA,NA,NA,NA,NA,NA,NA,NA,NA,NA,NA,no
ppun,Ppun_tag11147_1_36_R,21,13:0:157:0:0:0,15:0:121:0:0:0,19:0:133:0:0:0,5:0:64:0:0:0,0.9849457,NA,NA,NA,NA,NA,NA,NA,NA,NA,NA,NA,NA,NA,NA,no
ppun,Ppun_tag55989_1_36_R,36,179:0:0:8:0:0,130:0:0:6:0:0,133:0:0:2:0:0,140:0:0:3:0:0,0.9874759,NA,NA,NA,NA,NA,NA,NA,NA,NA,NA,NA,NA,NA,NA,no
ppun,Ppun_tag6834_1_36_R,17,73:0:6:5:0:0,51:0:6:3:0:0,47:0:7:9:0:0,50:0:4:4:0:0,0.9896858,NA,NA,NA,NA,NA,NA,NA,NA,NA,NA,NA,NA,NA,NA,no
ppun,Ppun_tag14018_3_38_F,4,0:106:4:0:0:0,1:60:4:0:0:0,0:51:4:0:0:0,1:83:5:0:0:0,0.9922143,NA,NA,NA,NA,NA,NA,NA,NA,NA,NA,NA,NA,NA,NA,no
ppun,Ppun_tag9793_3_38_F,8,61:0:19:0:0:0,33:0:19:0:0:0,65:0:23:0:0:0,72:0:16:0:0:0,0.9935709,NA,NA,NA,NA,NA,NA,NA,NA,NA,NA,NA,NA,NA,NA,no
ppun,Ppun_tag14260_1_36_R,32,10:159:0:1:0:0,4:105:0:0:0:0,0:74:0:0:0:0,4:119:0:0:0:0,0.9947503,NA,NA,NA,NA,NA,NA,NA,NA,NA,NA,NA,NA,NA,NA,no
ppun,Ppun_tag20083_3_38_F,20,50:2:1:136:0:0,35:0:0:83:0:0,28:0:0:60:0:0,35:0:0:86:0:0,0.9947892,NA,NA,NA,NA,NA,NA,NA,NA,NA,NA,NA,NA,NA,NA,no